name,longitude,latitude,key,lifeStage,stateProvince,year
"Necturus maculosus (Rafinesque, 1818)",-75.678538,44.964782,3031699629,Adult,Ontario,2021
"Necturus maculosus (Rafinesque, 1818)",-79.145697,43.061927,3031702625,NA,Ontario,2021
"Necturus maculosus (Rafinesque, 1818)",-75.678461,44.964792,3031911586,Adult,Ontario,2021
"Necturus maculosus (Rafinesque, 1818)",-79.004109,43.19227,3032008585,NA,Ontario,2021
"Necturus maculosus (Rafinesque, 1818)",-83.789999,46.44503,3415387148,NA,Ontario,2021
"Necturus maculosus (Rafinesque, 1818)",-75.678308,44.964828,3039286628,Adult,Ontario,2021
"Necturus maculosus (Rafinesque, 1818)",-75.678255,44.964757,3039330597,Adult,Ontario,2021
"Necturus maculosus (Rafinesque, 1818)",-75.678337,44.964798,3039434535,NA,Ontario,2021
"Necturus maculosus (Rafinesque, 1818)",-75.678237,44.964958,3039508570,Adult,Ontario,2021
"Necturus maculosus (Rafinesque, 1818)",-75.678301,44.964717,3044813742,Adult,Ontario,2021
"Necturus maculosus (Rafinesque, 1818)",-75.678207,44.964751,3044949746,NA,Ontario,2021
"Necturus maculosus (Rafinesque, 1818)",-75.626323,44.965506,3058685761,NA,Ontario,2021
"Necturus maculosus (Rafinesque, 1818)",-84.61217,45.273306,3058694780,NA,Michigan,2021
"Necturus maculosus (Rafinesque, 1818)",-75.678358,44.964828,3058836855,NA,Ontario,2021
"Necturus maculosus (Rafinesque, 1818)",-75.678345,44.964727,3059132472,NA,Ontario,2021
"Necturus maculosus (Rafinesque, 1818)",-87.002892,41.621963,3079901124,NA,Indiana,2021
"Necturus maculosus (Rafinesque, 1818)",-79.147698,41.906819,3079921724,NA,Pennsylvania,2021
"Necturus maculosus (Rafinesque, 1818)",-75.645659,45.475905,3090520231,NA,Ontario,2021
"Necturus maculosus (Rafinesque, 1818)",-75.738136,45.314367,3090634237,NA,Ontario,2021
"Necturus maculosus (Rafinesque, 1818)",-75.751024,45.415658,3090680227,NA,Ontario,2021
"Necturus maculosus (Rafinesque, 1818)",-75.717797,45.379105,3090758568,NA,Ontario,2021
"Necturus maculosus (Rafinesque, 1818)",-75.716342,45.257147,3090804238,NA,Ontario,2021
"Necturus maculosus (Rafinesque, 1818)",-75.784674,45.484995,3090849216,NA,Ontario,2021
"Necturus maculosus (Rafinesque, 1818)",-79.075484,41.318766,3097275022,NA,Pennsylvania,2021
"Necturus maculosus (Rafinesque, 1818)",-83.829853,35.755668,3112925311,NA,Tennessee,2021
"Necturus maculosus (Rafinesque, 1818)",-77.283366,43.914581,3124770121,NA,Ontario,2021
"Necturus maculosus (Rafinesque, 1818)",-80.410897,45.985119,3124812652,NA,Ontario,2021
"Necturus maculosus (Rafinesque, 1818)",-79.68167,43.452389,3302525539,Adult,Ontario,2021
"Necturus maculosus (Rafinesque, 1818)",-81.115997,41.688005,3407956456,NA,Ohio,2021
"Necturus maculosus (Rafinesque, 1818)",-91.283629,43.811113,3302113386,NA,Wisconsin,2021
"Necturus maculosus (Rafinesque, 1818)",-83.156384,42.304453,3307125675,Adult,Ontario,2021
"Necturus maculosus (Rafinesque, 1818)",-83.026986,42.322922,3307223839,Adult,Ontario,2021
"Necturus maculosus (Rafinesque, 1818)",-75.90669,44.38442,3307225992,Adult,Ontario,2021
"Necturus maculosus (Rafinesque, 1818)",-91.288805,45.248312,3320847928,NA,Wisconsin,2021
"Necturus maculosus (Rafinesque, 1818)",-74.006122,45.195624,3321143021,Adult,Québec,2021
"Necturus maculosus (Rafinesque, 1818)",-91.279718,45.332846,3321205900,NA,Wisconsin,2021
"Necturus maculosus (Rafinesque, 1818)",-80.921841,44.025205,3325783879,NA,Ontario,2021
"Necturus maculosus (Rafinesque, 1818)",-83.79242,35.684392,3328030796,NA,Tennessee,2021
"Necturus maculosus (Rafinesque, 1818)",-77.845665,46.195805,3330917476,NA,Ontario,2021
"Necturus maculosus (Rafinesque, 1818)",-79.986875,44.855973,3333194468,NA,Ontario,2021
"Necturus maculosus (Rafinesque, 1818)",-81.363932,44.902037,3333396292,Adult,Ontario,2021
"Necturus maculosus (Rafinesque, 1818)",-77.840971,46.070181,3384556372,NA,Ontario,2021
"Necturus maculosus (Rafinesque, 1818)",-95.787674,46.242383,3391681890,NA,Minnesota,2021
"Necturus maculosus (Rafinesque, 1818)",-81.179055,41.70903,3407987486,NA,Ohio,2021
"Necturus maculosus (Rafinesque, 1818)",-77.573184,45.890489,3337701515,NA,Ontario,2021
"Necturus maculosus (Rafinesque, 1818)",-77.522071,45.829927,3338124971,NA,Ontario,2021
"Necturus maculosus (Rafinesque, 1818)",-79.76124,44.791092,3355157319,NA,Ontario,2021
"Necturus maculosus (Rafinesque, 1818)",-79.785317,43.538045,3355730422,NA,Ontario,2021
"Necturus maculosus (Rafinesque, 1818)",-75.149413,45.584004,3355562079,NA,Québec,2021
"Necturus maculosus (Rafinesque, 1818)",-75.149409,45.584028000000004,3355575028,NA,Québec,2021
"Necturus maculosus (Rafinesque, 1818)",-76.379879,44.258479,3384285250,NA,Ontario,2021
"Necturus maculosus (Rafinesque, 1818)",-79.072708,40.509151,3384232013,NA,Pennsylvania,2021
"Necturus maculosus (Rafinesque, 1818)",-80.212063,45.352733,3384306905,Adult,Ontario,2021
"Necturus maculosus (Rafinesque, 1818)",-90.09511,46.035346,3385123140,NA,Wisconsin,2021
"Necturus maculosus (Rafinesque, 1818)",-83.400544,45.026093,3391508249,NA,Michigan,2021
"Necturus maculosus (Rafinesque, 1818)",-75.678295,44.964757,3415818234,NA,Ontario,2021
"Necturus maculosus (Rafinesque, 1818)",-75.678313,44.964858,3416209836,NA,Ontario,2021
"Necturus maculosus (Rafinesque, 1818)",-74.223639,43.039356,2557773476,Adult,New York,2020
"Necturus maculosus (Rafinesque, 1818)",-75.678257,44.964882,2574122915,NA,Ontario,2020
"Necturus maculosus (Rafinesque, 1818)",-77.485701,46.107542,2574174921,NA,Ontario,2020
"Necturus maculosus (Rafinesque, 1818)",-75.67826,44.964883,2574218876,NA,Ontario,2020
"Necturus maculosus (Rafinesque, 1818)",-75.67826,44.964885,2574223903,NA,Ontario,2020
"Necturus maculosus (Rafinesque, 1818)",-76.537519,42.547874,2579366310,NA,New York,2020
"Necturus maculosus (Rafinesque, 1818)",-76.566133,42.415528,2579374279,NA,New York,2020
"Necturus maculosus (Rafinesque, 1818)",-86.849004,45.718441,2580098057,NA,Michigan,2020
"Necturus maculosus (Rafinesque, 1818)",-89.700559,43.680839,2596249763,NA,Wisconsin,2020
"Necturus maculosus (Rafinesque, 1818)",-86.218038,45.836432,2626321817,NA,Michigan,2020
"Necturus maculosus (Rafinesque, 1818)",-75.779725,45.37962,2597728281,NA,Ontario,2020
"Necturus maculosus (Rafinesque, 1818)",-84.841443,44.777235,2597765908,NA,Michigan,2020
"Necturus maculosus (Rafinesque, 1818)",-81.968455,43.212892,2603294186,Adult,Ontario,2020
"Necturus maculosus (Rafinesque, 1818)",-84.516796,36.914856,2619921634,NA,Kentucky,2020
"Necturus maculosus (Rafinesque, 1818)",-73.932487,45.404647,2963814837,NA,Québec,2020
"Necturus maculosus (Rafinesque, 1818)",-89.430527,44.580094,3399338363,NA,Wisconsin,2020
"Necturus maculosus (Rafinesque, 1818)",-81.463614,44.418012,3031775139,Juvenile,Ontario,2020
"Necturus maculosus (Rafinesque, 1818)",-83.097013,42.088676,2634616244,NA,Michigan,2020
"Necturus maculosus (Rafinesque, 1818)",-76.736306,42.573036,2802692229,NA,New York,2020
"Necturus maculosus (Rafinesque, 1818)",-84.850904,47.615137,2803055604,NA,Ontario,2020
"Necturus maculosus (Rafinesque, 1818)",-81.480195,45.054435,2823120151,NA,Ontario,2020
"Necturus maculosus (Rafinesque, 1818)",-81.480174,45.054454,2823127165,NA,Ontario,2020
"Necturus maculosus (Rafinesque, 1818)",-81.480184,45.054421,2826124708,NA,Ontario,2020
"Necturus maculosus (Rafinesque, 1818)",-93.242179,45.901318,2963839721,NA,Minnesota,2020
"Necturus maculosus (Rafinesque, 1818)",-81.163241,40.505148,3014018447,Adult,Ohio,2020
"Necturus maculosus (Rafinesque, 1818)",-85.262858,43.63599,3327688476,NA,Michigan,2020
"Necturus maculosus (Rafinesque, 1818)",-85.216737,43.659476,3327783476,NA,Michigan,2020
"Necturus maculosus (Rafinesque, 1818)",-91.428298,45.838269,3355599825,NA,Wisconsin,2020
"Necturus maculosus (Rafinesque, 1818)",-76.421355,42.411637,2814060603,NA,New York,2020
"Necturus maculosus (Rafinesque, 1818)",-75.421579,43.353561,2814092724,NA,New York,2020
"Necturus maculosus (Rafinesque, 1818)",-76.802797,42.41165,2814273446,NA,New York,2020
"Necturus maculosus (Rafinesque, 1818)",-76.92271,42.474654,2814353932,NA,New York,2020
"Necturus maculosus (Rafinesque, 1818)",-81.987839,40.433215,2823218283,NA,Ohio,2020
"Necturus maculosus (Rafinesque, 1818)",-73.366789,44.961529,2826313919,NA,Vermont,2020
"Necturus maculosus (Rafinesque, 1818)",-73.780731,45.636462,2826330836,NA,Québec,2020
"Necturus maculosus (Rafinesque, 1818)",-79.941895,44.995826,2826458685,NA,Ontario,2020
"Necturus maculosus (Rafinesque, 1818)",-78.249586,42.340215,2851084740,NA,New York,2020
"Necturus maculosus (Rafinesque, 1818)",-88.092769,45.255871,2850931928,NA,Wisconsin,2020
"Necturus maculosus (Rafinesque, 1818)",-76.673614,45.354312,2862356641,NA,Ontario,2020
"Necturus maculosus (Rafinesque, 1818)",-72.461563,42.42637,2864603894,NA,Massachusetts,2020
"Necturus maculosus (Rafinesque, 1818)",-75.149417,45.583965,2873742964,NA,Québec,2020
"Necturus maculosus (Rafinesque, 1818)",-87.39355,41.787275,3018100516,NA,Indiana,2020
"Necturus maculosus (Rafinesque, 1818)",-80.428615,42.644416,2898387292,NA,Ontario,2020
"Necturus maculosus (Rafinesque, 1818)",-79.303689,42.886118,2901579780,NA,Ontario,2020
"Necturus maculosus (Rafinesque, 1818)",-80.053191,44.726633,2901683789,NA,Ontario,2020
"Necturus maculosus (Rafinesque, 1818)",-79.022986,43.01073,2901786707,NA,New York,2020
"Necturus maculosus (Rafinesque, 1818)",-89.837091,44.240387,2963902170,NA,Wisconsin,2020
"Necturus maculosus (Rafinesque, 1818)",-75.678337,44.964868,2988594079,Adult,Ontario,2020
"Necturus maculosus (Rafinesque, 1818)",-75.627978,43.819284,3044558715,NA,New York,2020
"Necturus maculosus (Rafinesque, 1818)",-86.902243,39.167941,2984536690,NA,Indiana,2020
"Necturus maculosus (Rafinesque, 1818)",-84.654253,45.775958,2988607895,NA,Michigan,2020
"Necturus maculosus (Rafinesque, 1818)",-79.752843,43.414151,2988676650,Adult,Ontario,2020
"Necturus maculosus (Rafinesque, 1818)",-75.678318,44.964872,2992800757,Adult,Ontario,2020
"Necturus maculosus (Rafinesque, 1818)",-79.250139,42.922783,2992829688,Adult,Ontario,2020
"Necturus maculosus (Rafinesque, 1818)",-75.678353,44.96487,3068003948,NA,Ontario,2020
"Necturus maculosus (Rafinesque, 1818)",-82.813588,42.357013,3090848826,Adult,Michigan,2020
"Necturus maculosus (Rafinesque, 1818)",-78.876539,42.888921,2999038793,NA,New York,2020
"Necturus maculosus (Rafinesque, 1818)",-88.450521,43.047616,3008454669,NA,Wisconsin,2020
"Necturus maculosus (Rafinesque, 1818)",-76.215663,44.190215,3008456707,NA,New York,2020
"Necturus maculosus (Rafinesque, 1818)",-76.287399,44.126412,3008479711,NA,New York,2020
"Necturus maculosus (Rafinesque, 1818)",-76.873386,45.642636,3008524611,Adult,Ontario,2020
"Necturus maculosus (Rafinesque, 1818)",-79.784676,41.197984,1986617237,Adult,Pennsylvania,2019
"Necturus maculosus (Rafinesque, 1818)",-75.678295,44.964967,1986629540,Adult,Ontario,2019
"Necturus maculosus (Rafinesque, 1818)",-75.67832,44.964755,1990480076,Adult,Ontario,2019
"Necturus maculosus (Rafinesque, 1818)",-75.678068,44.964827,1990551957,Adult,Ontario,2019
"Necturus maculosus (Rafinesque, 1818)",-75.678528,44.964792,1990551978,Adult,Ontario,2019
"Necturus maculosus (Rafinesque, 1818)",-75.678458,44.96502,1993729361,Adult,Ontario,2019
"Necturus maculosus (Rafinesque, 1818)",-75.678122,44.964818,2005294128,Adult,Ontario,2019
"Necturus maculosus (Rafinesque, 1818)",-75.67841,44.964787,2005305126,Adult,Ontario,2019
"Necturus maculosus (Rafinesque, 1818)",-75.678303,44.964889,2005355770,Adult,Ontario,2019
"Necturus maculosus (Rafinesque, 1818)",-74.059243,43.059825,2236260730,Adult,New York,2019
"Necturus maculosus (Rafinesque, 1818)",-75.678924,44.965001,2236905606,Adult,Ontario,2019
"Necturus maculosus (Rafinesque, 1818)",-79.588236,41.410503,2234780807,Adult,Pennsylvania,2019
"Necturus maculosus (Rafinesque, 1818)",-79.493998,41.569158,2235486244,Adult,Pennsylvania,2019
"Necturus maculosus (Rafinesque, 1818)",-79.77668,40.692741,2236231955,Adult,Pennsylvania,2019
"Necturus maculosus (Rafinesque, 1818)",-83.560963,38.051869,2236250519,Adult,Kentucky,2019
"Necturus maculosus (Rafinesque, 1818)",-75.801103,43.345758,2236897606,Adult,New York,2019
"Necturus maculosus (Rafinesque, 1818)",-76.874115,44.323992,2237521690,Juvenile,Ontario,2019
"Necturus maculosus (Rafinesque, 1818)",-75.865535,43.271693,2597735623,NA,New York,2019
"Necturus maculosus (Rafinesque, 1818)",-96.175748,50.569421,2244274304,Adult,Manitoba,2019
"Necturus maculosus (Rafinesque, 1818)",-73.970863,45.33007,2641593703,NA,Québec,2019
"Necturus maculosus (Rafinesque, 1818)",-76.419812,42.494584,3079574604,NA,New York,2019
"Necturus maculosus (Rafinesque, 1818)",-85.496917,42.557336,2269221618,Adult,Michigan,2019
"Necturus maculosus (Rafinesque, 1818)",-88.540252,42.569032,2273301113,NA,Wisconsin,2019
"Necturus maculosus (Rafinesque, 1818)",-79.794075,46.081914,2992882025,NA,Ontario,2019
"Necturus maculosus (Rafinesque, 1818)",-77.453522,44.003475,2294607033,NA,Ontario,2019
"Necturus maculosus (Rafinesque, 1818)",-79.173536,41.478752,2311397513,Juvenile,Pennsylvania,2019
"Necturus maculosus (Rafinesque, 1818)",-78.225204,42.183109,2465308061,Adult,New York,2019
"Necturus maculosus (Rafinesque, 1818)",-81.711504,45.296618,2626375008,NA,Ontario,2019
"Necturus maculosus (Rafinesque, 1818)",-87.990508,35.218467,2350330012,NA,Tennessee,2019
"Necturus maculosus (Rafinesque, 1818)",-81.23703,44.7881,2429254847,NA,Ontario,2019
"Necturus maculosus (Rafinesque, 1818)",-81.312903,44.715874,2576282100,Adult,Ontario,2019
"Necturus maculosus (Rafinesque, 1818)",-81.237002,44.788169,2576300654,NA,Ontario,2019
"Necturus maculosus (Rafinesque, 1818)",-75.678208,44.964713,2447939830,Adult,Ontario,2019
"Necturus maculosus (Rafinesque, 1818)",-79.658422,47.504372,2294642426,NA,Ontario,2018
"Necturus maculosus (Rafinesque, 1818)",-75.750281,44.902068,1831212998,Adult,Ontario,2018
"Necturus maculosus (Rafinesque, 1818)",-81.910881,38.524181,2550039799,Adult,West Virginia,2018
"Necturus maculosus (Rafinesque, 1818)",-95.380284,38.775824,2823165602,NA,Kansas,2018
"Necturus maculosus (Rafinesque, 1818)",-87.588262,41.652006,3061812423,NA,Illinois,2018
"Necturus maculosus (Rafinesque, 1818)",-87.574824,41.605863,1837781140,Adult,Illinois,2018
"Necturus maculosus (Rafinesque, 1818)",-85.683533,44.836533,1847477313,Adult,Michigan,2018
"Necturus maculosus (Rafinesque, 1818)",-85.584675,42.599374,1847531947,Adult,Michigan,2018
"Necturus maculosus (Rafinesque, 1818)",-96.43198,50.119642,1847610245,Adult,Manitoba,2018
"Necturus maculosus (Rafinesque, 1818)",-83.747306,37.991725,2283060044,NA,Kentucky,2018
"Necturus maculosus (Rafinesque, 1818)",-85.571994,42.522488,1883512630,Adult,Michigan,2018
"Necturus maculosus (Rafinesque, 1818)",-73.256668,45.326668,1883917615,Juvenile,Québec,2018
"Necturus maculosus (Rafinesque, 1818)",-81.850356,42.318137,1891340481,Adult,Ontario,2018
"Necturus maculosus (Rafinesque, 1818)",-79.85678,46.086661,1898834167,Adult,Ontario,2018
"Necturus maculosus (Rafinesque, 1818)",-73.152222,45.889446,1913166422,Adult,Québec,2018
"Necturus maculosus (Rafinesque, 1818)",-87.365097,34.900141,1913711858,Adult,Alabama,2018
"Necturus maculosus (Rafinesque, 1818)",-87.21814,34.974292,2028437609,Adult,Alabama,2018
"Necturus maculosus (Rafinesque, 1818)",-76.443368,44.290846,2331948445,NA,Ontario,2018
"Necturus maculosus (Rafinesque, 1818)",-75.678406,44.964892,1945436610,Adult,Ontario,2018
"Necturus maculosus (Rafinesque, 1818)",-75.678425,44.964757,1946324455,Adult,Ontario,2018
"Necturus maculosus (Rafinesque, 1818)",-75.72531,44.975162,1946358011,Adult,Ontario,2018
"Necturus maculosus (Rafinesque, 1818)",-79.183457,43.123261,1838397565,Adult,Ontario,2017
"Necturus maculosus (Rafinesque, 1818)",-79.101151,43.038669,2633988942,NA,Ontario,2017
"Necturus maculosus (Rafinesque, 1818)",-79.216126,43.108402,3330450161,Adult,Ontario,2017
"Necturus maculosus (Rafinesque, 1818)",-87.472713,41.634774,1453439061,Adult,Illinois,2017
"Necturus maculosus (Rafinesque, 1818)",-69.79178,44.42113,1502458915,Adult,Maine,2017
"Necturus maculosus (Rafinesque, 1818)",-69.758465,44.5633,1502458918,Adult,Maine,2017
"Necturus maculosus (Rafinesque, 1818)",-75.678231,44.964894,1802733990,Adult,Ontario,2017
"Necturus maculosus (Rafinesque, 1818)",-75.686422,44.82426,2609239622,NA,Ontario,2017
"Necturus maculosus (Rafinesque, 1818)",-76.404328,42.471413,1455585788,Adult,New York,2017
"Necturus maculosus (Rafinesque, 1818)",-70.204457,44.42711,1502458916,Adult,Maine,2017
"Necturus maculosus (Rafinesque, 1818)",-69.849228,44.60889,1502458917,Adult,Maine,2017
"Necturus maculosus (Rafinesque, 1818)",-69.857575,44.6434,1502458921,Adult,Maine,2017
"Necturus maculosus (Rafinesque, 1818)",-75.810084,43.223043,1500280774,Adult,New York,2017
"Necturus maculosus (Rafinesque, 1818)",-69.780791,44.48132,1502458920,Adult,Maine,2017
"Necturus maculosus (Rafinesque, 1818)",-75.823231,43.344721,1584402132,Adult,New York,2017
"Necturus maculosus (Rafinesque, 1818)",-81.049642,41.74217,1703129498,Juvenile,Ohio,2017
"Necturus maculosus (Rafinesque, 1818)",-76.581884,42.997201,3327929718,NA,New York,2017
"Necturus maculosus (Rafinesque, 1818)",-73.257428,45.392944,1563427980,Adult,Québec,2017
"Necturus maculosus (Rafinesque, 1818)",-85.629684,44.815531,1563440576,Adult,Michigan,2017
"Necturus maculosus (Rafinesque, 1818)",-87.559646,41.648973,1668884873,Adult,Illinois,2017
"Necturus maculosus (Rafinesque, 1818)",-79.104194,42.064523,3325728455,NA,New York,2017
"Necturus maculosus (Rafinesque, 1818)",-80.591011,43.863406,1586155095,Adult,Ontario,2017
"Necturus maculosus (Rafinesque, 1818)",-80.176522,41.752978,1640054828,Adult,Pennsylvania,2017
"Necturus maculosus (Rafinesque, 1818)",-95.898108,49.675562,1640065500,Adult,Manitoba,2017
"Necturus maculosus (Rafinesque, 1818)",-96.474552,50.077413,1836633013,Adult,Manitoba,2017
"Necturus maculosus (Rafinesque, 1818)",-87.632295,34.997667,1880585933,Adult,Alabama,2017
"Necturus maculosus (Rafinesque, 1818)",-87.658489,34.948756,3330590427,NA,Alabama,2017
"Necturus maculosus (Rafinesque, 1818)",-83.348703,46.361408,1668837842,Adult,Ontario,2017
"Necturus maculosus (Rafinesque, 1818)",-72.578257,42.58936,1703329961,Juvenile,Massachusetts,2017
"Necturus maculosus (Rafinesque, 1818)",-72.469631,42.419777,2862501675,NA,Massachusetts,2017
"Necturus maculosus (Rafinesque, 1818)",-72.495629,42.440688,2862523685,NA,Massachusetts,2017
"Necturus maculosus (Rafinesque, 1818)",-78.876634,42.17979,3325919370,NA,New York,2017
"Necturus maculosus (Rafinesque, 1818)",-85.377879,42.262629,1323000384,Adult,Michigan,2016
"Necturus maculosus (Rafinesque, 1818)",-88.838636,43.138406,1265580496,Adult,Wisconsin,2016
"Necturus maculosus (Rafinesque, 1818)",-76.001033,43.73773,2243020450,NA,New York,2016
"Necturus maculosus (Rafinesque, 1818)",-82.575791,39.448787,1270053396,Adult,Ohio,2016
"Necturus maculosus (Rafinesque, 1818)",-74.699092,45.016637,1802776593,Adult,Ontario,2016
"Necturus maculosus (Rafinesque, 1818)",-89.181144,43.878287,1291084500,Adult,Wisconsin,2016
"Necturus maculosus (Rafinesque, 1818)",-76.52175,42.51868,1852461578,NA,New York,2016
"Necturus maculosus (Rafinesque, 1818)",-88.468983,43.130593,1990513648,Adult,Wisconsin,2016
"Necturus maculosus (Rafinesque, 1818)",-80.232345,45.348523,3090533926,NA,Ontario,2016
"Necturus maculosus (Rafinesque, 1818)",-93.118951,46.013166,1584410463,Adult,Minnesota,2016
"Necturus maculosus (Rafinesque, 1818)",-89.222712,43.791635,1990513631,Adult,Wisconsin,2016
"Necturus maculosus (Rafinesque, 1818)",-80.256979,42.753504,2984568729,NA,Ontario,2016
"Necturus maculosus (Rafinesque, 1818)",-72.174855,43.902946,1306584861,Adult,Vermont,2016
"Necturus maculosus (Rafinesque, 1818)",-78.847926,42.854071,1315070536,Adult,New York,2016
"Necturus maculosus (Rafinesque, 1818)",-92.810095,45.010385,2269319941,NA,Minnesota,2016
"Necturus maculosus (Rafinesque, 1818)",-82.624162,38.628127,1453435264,Adult,Ohio,2016
"Necturus maculosus (Rafinesque, 1818)",-73.526173,45.523608,1668852805,Adult,Québec,2015
"Necturus maculosus (Rafinesque, 1818)",-75.677679,44.964506,2823282720,NA,Ontario,2015
"Necturus maculosus (Rafinesque, 1818)",-87.444185,41.633241,1453267178,Adult,Illinois,2015
"Necturus maculosus (Rafinesque, 1818)",-74.400002,45.02,3351633854,NA,NA,2015
"Necturus maculosus (Rafinesque, 1818)",-91.933212,44.906084,3399156026,NA,Wisconsin,2015
"Necturus maculosus (Rafinesque, 1818)",-87.455353,41.651134,1584421819,Adult,Illinois,2015
"Necturus maculosus (Rafinesque, 1818)",-72.454156,43.275321,1584436194,Adult,Vermont,2015
"Necturus maculosus (Rafinesque, 1818)",-77.543545,45.830146,2563629976,NA,Ontario,2015
"Necturus maculosus (Rafinesque, 1818)",-73.662467,45.426528,2611238392,NA,Québec,2015
"Necturus maculosus (Rafinesque, 1818)",-91.07,42.790001,3349354963,NA,NA,2015
"Necturus maculosus (Rafinesque, 1818)",-73.790001,45.43,3351701868,NA,NA,2015
"Necturus maculosus (Rafinesque, 1818)",-75.746109,44.877706,1227748555,Adult,Ontario,2015
"Necturus maculosus (Rafinesque, 1818)",-75.616992,44.990722,899951690,Adult,Ontario,2014
"Necturus maculosus (Rafinesque, 1818)",-83.299741,38.043345,899971240,Adult,Kentucky,2014
"Necturus maculosus (Rafinesque, 1818)",-80.550003,41.970001,3349295993,NA,NA,2014
"Necturus maculosus (Rafinesque, 1818)",-85.629997,43.240002,3351568991,NA,NA,2014
"Necturus maculosus (Rafinesque, 1818)",-83.063377,42.313854,3090599038,NA,Ontario,2014
"Necturus maculosus (Rafinesque, 1818)",-78.874294,46.291248,1802652673,Adult,Ontario,2014
"Necturus maculosus (Rafinesque, 1818)",-80.556509,45.926556,3408044345,Egg,Ontario,2014
"Necturus maculosus (Rafinesque, 1818)",-95.419998,44.740002,3351567047,NA,NA,2014
"Necturus maculosus (Rafinesque, 1818)",-96.019997,46.32,3351580777,NA,NA,2014
"Necturus maculosus (Rafinesque, 1818)",-83.160004,42.02,3351625016,NA,NA,2014
"Necturus maculosus (Rafinesque, 1818)",-82.510002,42.650002,3351568992,NA,NA,2014
"Necturus maculosus (Rafinesque, 1818)",-95.440002,45.869999,3351630857,NA,NA,2014
"Necturus maculosus (Rafinesque, 1818)",-75.678131,44.964787,2005294068,Adult,Ontario,2013
"Necturus maculosus (Rafinesque, 1818)",-92.610001,44.610001,3351633853,NA,NA,2013
"Necturus maculosus (Rafinesque, 1818)",-79.242396,41.432531,891720103,Adult,Pennsylvania,2013
"Necturus maculosus (Rafinesque, 1818)",-80.242706,43.556123,3337900465,Adult,Ontario,2012
"Necturus maculosus (Rafinesque, 1818)",-86.188612,46.766948,923917260,Juvenile,Michigan,2012
"Necturus maculosus (Rafinesque, 1818)",-79.145228,40.833098,891089149,Adult,Pennsylvania,2012
"Necturus maculosus (Rafinesque, 1818)",-76.989398,43.935793,1253303791,Adult,Ontario,2012
"Necturus maculosus (Rafinesque, 1818)",-96.473522,50.083031,1836601409,Adult,Manitoba,2012
"Necturus maculosus (Rafinesque, 1818)",-91.839996,38.27,3351570063,NA,NA,2012
"Necturus maculosus (Rafinesque, 1818)",-82.896202,35.9431,1229582990,NA,North Carolina,2012
"Necturus maculosus (Rafinesque, 1818)",-75.678778,44.964892999999996,2873883446,NA,Ontario,2011
"Necturus maculosus (Rafinesque, 1818)",-75.678282,44.964733,1883505344,Adult,Ontario,2011
"Necturus maculosus (Rafinesque, 1818)",-84.264151,37.898795,1935628430,Adult,Kentucky,2011
"Necturus maculosus (Rafinesque, 1818)",-84.570622,35.238958,2901564371,Adult,Tennessee,2011
"Necturus maculosus (Rafinesque, 1818)",-69.841883,44.490198,1039456018,Juvenile,Maine,2011
"Necturus maculosus (Rafinesque, 1818)",-84.508681,35.200231,1807290554,NA,Tennessee,2011
"Necturus maculosus (Rafinesque, 1818)",-95.790001,45.02,3351536046,NA,NA,2011
"Necturus maculosus (Rafinesque, 1818)",-76.593243,42.817506,2397711379,Adult,New York,2010
"Necturus maculosus (Rafinesque, 1818)",-87.432797,34.956525,2269095865,NA,Alabama,2010
"Necturus maculosus (Rafinesque, 1818)",-75.678265,44.964824,2005294131,Adult,Ontario,2010
"Necturus maculosus (Rafinesque, 1818)",-89.711417,46.156016,1453327747,Juvenile,Wisconsin,2009
"Necturus maculosus (Rafinesque, 1818)",-82.884697,35.932201,3111561268,NA,North Carolina,2008
"Necturus maculosus (Rafinesque, 1818)",-87.694778,34.949088,2269095665,NA,Alabama,2008
"Necturus maculosus (Rafinesque, 1818)",-86.348546,38.318969,2273230609,NA,Indiana,2008
"Necturus maculosus (Rafinesque, 1818)",-95.44722,37.81011,78635255,NA,Kansas,2007
"Necturus maculosus (Rafinesque, 1818)",-78.532382,42.177669,1455596564,Adult,New York,2007
"Necturus maculosus (Rafinesque, 1818)",-81.805303,43.142564,2597894958,NA,Ontario,2007
"Necturus maculosus (Rafinesque, 1818)",-75.678232,44.964756,2005294136,Adult,Ontario,2007
"Necturus maculosus (Rafinesque, 1818)",-81.393303,36.421902,895447600,NA,North Carolina,2006
"Necturus maculosus (Rafinesque, 1818)",-76.807758,43.399835,2579238012,Adult,New York,2006
"Necturus maculosus (Rafinesque, 1818)",-89.355195,48.350677,2236231609,Adult,Ontario,2005
"Necturus maculosus (Rafinesque, 1818)",-72.553,42.611,1897017083,NA,Ma,2005
"Necturus maculosus (Rafinesque, 1818)",-81.245277,42.984923,2596403345,NA,Ontario,2004
"Necturus maculosus (Rafinesque, 1818)",-86.410004,41.200001,3350950681,NA,NA,2003
"Necturus maculosus (Rafinesque, 1818)",-96.301,37.817,48128895,NA,Kansas,2003
"Necturus maculosus (Rafinesque, 1818)",-95.5533,38.0089,48128900,NA,Kansas,2003
"Necturus maculosus (Rafinesque, 1818)",-95.4264,37.9217,48128903,NA,Kansas,2003
"Necturus maculosus (Rafinesque, 1818)",-87.519997,41.689999,3348182897,NA,NA,2003
"Necturus maculosus (Rafinesque, 1818)",-95.42003,38.58701,48128883,NA,Kansas,2002
"Necturus maculosus (Rafinesque, 1818)",-80.161082,41.639632,1039471514,Adult,Pennsylvania,2002
"Necturus maculosus (Rafinesque, 1818)",-73.9186,45.47179999905693,1804114996,Adult,Québec (Prov.),2002
"Necturus maculosus (Rafinesque, 1818)",-83.738889,46.358611,1211770753,NA,Ontario,2001
"Necturus maculosus (Rafinesque, 1818)",-78.33866,42.02336,1039477300,NA,New York,2001
"Necturus maculosus (Rafinesque, 1818)",-72.504157,43.207839,2802944513,Adult,Vermont,2001
"Necturus maculosus (Rafinesque, 1818)",-84.40694,30.47222,2804507969,NA,Florida,2000
"Necturus maculosus (Rafinesque, 1818)",-85.966103,44.866819,1701935649,NA,Mi,1999
"Necturus maculosus (Rafinesque, 1818)",-87.51022477685498,41.670894772202566,2234840440,NA,Indiana,1999
"Necturus maculosus (Rafinesque, 1818)",-87.50868073052135,41.670437780139906,2234841059,NA,Indiana,1999
"Necturus maculosus (Rafinesque, 1818)",-82.544746,42.552069,1211766661,NA,Ontario,1999
"Necturus maculosus (Rafinesque, 1818)",-87.698323,34.786855,2269093935,NA,Alabama,1998
"Necturus maculosus (Rafinesque, 1818)",-87.615456,34.9859,2269095831,NA,Alabama,1998
"Necturus maculosus (Rafinesque, 1818)",-75.68059,44.9698,1450583780,Adult,Ontario,1998
"Necturus maculosus (Rafinesque, 1818)",-83.105278,42.248056,1211766287,Larva,Ontario,1997
"Necturus maculosus (Rafinesque, 1818)",-82.503333,42.308889,1211766227,NA,Ontario,1996
"Necturus maculosus (Rafinesque, 1818)",-82.495556,42.684444,1211766273,NA,Ontario,1996
"Necturus maculosus (Rafinesque, 1818)",-82.239998,42.23,3351630858,NA,NA,1995
"Necturus maculosus (Rafinesque, 1818)",-83.089996,42.029999,3351699928,NA,NA,1995
"Necturus maculosus (Rafinesque, 1818)",-75.6806,44.9708,1804106709,NA,Ontario (Prov.),1993
"Necturus maculosus (Rafinesque, 1818)",-69.242,46.1377,1897223043,NA,Me,1993
"Necturus maculosus (Rafinesque, 1818)",-72.516198,42.370923,1897008748,NA,Ma,1993
"Necturus maculosus (Rafinesque, 1818)",-76.51921,42.50436,1852445754,NA,New York,1992
"Necturus maculosus (Rafinesque, 1818)",-69.832549,44.447289,1897148033,NA,Me,1992
Necturus maculosus maculosus,-72.5569,42.6042,476477560,NA,Massachusetts,1991
"Necturus maculosus (Rafinesque, 1818)",-75.7,44.9647,1804131661,NA,Ontario (Prov.),1990
"Necturus maculosus (Rafinesque, 1818)",-81.615601,36.9813,3111564591,NA,Virginia,1990
"Necturus maculosus (Rafinesque, 1818)",-83.496598,45.303193,1701935588,NA,Mi,1989
"Necturus maculosus (Rafinesque, 1818)",-95.37842496798437,38.596928167323995,686916772,NA,Kansas,1989
"Necturus maculosus (Rafinesque, 1818)",-95.20198716905631,38.61458443214681,686922488,NA,Kansas,1989
"Necturus maculosus (Rafinesque, 1818)",-81.6119,36.9827,3111560580,Adult,Virginia,1989
"Necturus maculosus (Rafinesque, 1818)",-83.1391,39.0472,861694541,Adult,Ohio,1989
"Necturus maculosus (Rafinesque, 1818)",-95.81090333309142,38.48448473893475,686915372,NA,Kansas,1988
"Necturus maculosus (Rafinesque, 1818)",-80.162003,41.6376,3111562130,NA,Pennsylvania,1988
"Necturus maculosus (Rafinesque, 1818)",-95.419260047765,38.58720620585015,686924905,NA,Kansas,1987
"Necturus maculosus (Rafinesque, 1818)",-82.9667,41.95,1804115036,NA,Ontario (Prov.),1987
"Necturus maculosus (Rafinesque, 1818)",-75.68012974369815,44.970329333735826,1804101657,Larva,Ontario (Prov.),1987
"Necturus maculosus (Rafinesque, 1818)",-75.6826298209212,44.969629341596665,1804128677,NA,Ontario (Prov.),1987
"Necturus maculosus (Rafinesque, 1818)",-75.6809297677841,44.970329334861745,1804109561,NA,Ontario (Prov.),1987
"Necturus maculosus (Rafinesque, 1818)",-75.6853,44.9692,1804118796,NA,Ontario (Prov.),1987
"Necturus maculosus (Rafinesque, 1818)",-81.605202,36.9869,3111561401,Adult,Virginia,1987
"Necturus maculosus (Rafinesque, 1818)",-95.44189366690294,38.585684158048196,686910234,NA,Kansas,1986
"Necturus maculosus (Rafinesque, 1818)",-95.27578929359942,38.62908393249974,686912014,NA,Kansas,1986
"Necturus maculosus (Rafinesque, 1818)",-75.69762892566472,45.44322664304984,1804109293,NA,Ontario (Prov.),1986
"Necturus maculosus (Rafinesque, 1818)",-76.51494,42.472,1852454629,NA,New York,1986
"Necturus maculosus (Rafinesque, 1818)",-81.6196,36.9781,1317411686,NA,Virginia,1986
"Necturus maculosus (Rafinesque, 1818)",-75.79673213555994,45.372127164326926,1804110628,Larva,Ontario (Prov.),1986
"Necturus maculosus (Rafinesque, 1818)",-84.6867,41.693600000000004,861694365,Adult,Ohio,1986
"Necturus maculosus (Rafinesque, 1818)",-82.4667,42.4667,1804124404,Adult,Ontario (Prov.),1986
"Necturus maculosus (Rafinesque, 1818)",-82.4167,42.4,1804118556,Adult,Ontario (Prov.),1986
"Necturus maculosus (Rafinesque, 1818)",-72.2304,43.7545,861694426,Adult,Vermont,1985
"Necturus maculosus (Rafinesque, 1818)",-75.69262876667776,45.445726622653275,1804133563,NA,Ontario (Prov.),1985
"Necturus maculosus (Rafinesque, 1818)",-75.6833,44.9667,1804101486,NA,Ontario (Prov.),1985
"Necturus maculosus (Rafinesque, 1818)",-79.9153,43.0233,1804119692,Adult,Ontario (Prov.),1985
"Necturus maculosus (Rafinesque, 1818)",-81.7711,46.0369,1804134931,NA,Ontario (Prov.),1985
"Necturus maculosus (Rafinesque, 1818)",-75.67842970759929,44.96492936487124,1804134147,NA,Ontario (Prov.),1985
"Necturus maculosus (Rafinesque, 1818)",-73.6542,45.0014,1804120122,Juvenile,Québec (Prov.),1984
"Necturus maculosus (Rafinesque, 1818)",-82.04112311440777,45.67352966199133,1804125437,Adult,Ontario (Prov.),1984
"Necturus maculosus (Rafinesque, 1818)",-81.9241,39.0862,861694396,Adult,Ohio,1984
"Necturus maculosus (Rafinesque, 1818)",-81.8292,42.7867,1804128840,NA,Ontario (Prov.),1984
"Necturus maculosus (Rafinesque, 1818)",-86.7838,35.5865,895381077,Adult,Tennessee,1984
"Necturus maculosus (Rafinesque, 1818)",-75.67762968267775,44.965229361880944,1804101640,NA,Ontario (Prov.),1984
"Necturus maculosus (Rafinesque, 1818)",-75.7625,45.3958,1804136694,NA,Ontario (Prov.),1984
"Necturus maculosus (Rafinesque, 1818)",-75.5172,45.4917,1804127343,NA,Ontario (Prov.),1983
"Necturus maculosus (Rafinesque, 1818)",-75.3569,45.2556,1804131066,NA,Ontario (Prov.),1983
"Necturus maculosus (Rafinesque, 1818)",-75.6819,44.9694,1804134607,NA,Ontario (Prov.),1983
"Necturus maculosus (Rafinesque, 1818)",-74.5903,45.1478,1804135936,NA,Ontario (Prov.),1983
"Necturus maculosus (Rafinesque, 1818)",-80.2333,45.65,1211728459,Juvenile,Ontario,1983
"Necturus maculosus (Rafinesque, 1818)",-80.16666,45.583333,1211728454,NA,Ontario,1983
"Necturus maculosus (Rafinesque, 1818)",-94.92785695520223,38.49804340685887,686898714,NA,Kansas,1982
"Necturus maculosus (Rafinesque, 1818)",-75.7111,45.4222,1804118818,NA,Ontario (Prov.),1982
"Necturus maculosus (Rafinesque, 1818)",-95.26870003953674,38.618317147307785,686898717,NA,Kansas,1982
"Necturus maculosus (Rafinesque, 1818)",-76.9244,45.8803,1804104742,NA,Ontario (Prov.),1982
"Necturus maculosus (Rafinesque, 1818)",-81.9583,43.2144,1804114034,NA,Ontario (Prov.),1982
"Necturus maculosus (Rafinesque, 1818)",-83.262703,38.634499,3111559158,NA,Ohio,1982
"Necturus maculosus (Rafinesque, 1818)",-79.81635597638025,43.53324356188514,1804117074,Larva,Ontario (Prov.),1982
"Necturus maculosus (Rafinesque, 1818)",-75.6167,45.25,1804128579,NA,Ontario (Prov.),1982
"Necturus maculosus (Rafinesque, 1818)",-75.6806,44.97039999905676,1804137242,NA,Ontario (Prov.),1982
"Necturus maculosus (Rafinesque, 1818)",-84.43309904965837,46.93322465683897,1804113897,Larva,Ontario (Prov.),1982
"Necturus maculosus (Rafinesque, 1818)",-82.885,40.1313,861694395,Adult,Ohio,1982
"Necturus maculosus (Rafinesque, 1818)",-75.6083,45.4642,1804131282,Adult,Ontario (Prov.),1982
"Necturus maculosus (Rafinesque, 1818)",-82.883301,40.130798,3111560200,Adult,Ohio,1982
"Necturus maculosus (Rafinesque, 1818)",-96.67727,45.40744,2819900541,NA,South Dakota,1981
"Necturus maculosus (Rafinesque, 1818)",-96.19039130377296,38.39192911872722,686895953,NA,Kansas,1981
"Necturus maculosus (Rafinesque, 1818)",-75.6689,44.9861,1804136567,NA,Ontario (Prov.),1981
"Necturus maculosus (Rafinesque, 1818)",-75.6708,44.9708,1804103067,NA,Ontario (Prov.),1981
"Necturus maculosus (Rafinesque, 1818)",-75.6833,44.9722,1804103866,NA,Ontario (Prov.),1981
"Necturus maculosus (Rafinesque, 1818)",-75.6806,44.9728,1804106349,NA,Ontario (Prov.),1981
"Necturus maculosus (Rafinesque, 1818)",-75.883316,44.430439,2013708500,Adult,Ontario,1981
Necturus maculosus maculosus,-72.585533,42.324093,476541244,NA,Massachusetts,1980
"Necturus maculosus (Rafinesque, 1818)",-76.7167,45.3333,1804136359,NA,Ontario (Prov.),1980
"Necturus maculosus (Rafinesque, 1818)",-75.683,44.97009999905677,1804105631,NA,Ontario (Prov.),1980
"Necturus maculosus (Rafinesque, 1818)",-75.6681,44.9917,1804116781,NA,Ontario (Prov.),1980
"Necturus maculosus (Rafinesque, 1818)",-76.5797,45.1461,1804103297,NA,Ontario (Prov.),1980
"Necturus maculosus (Rafinesque, 1818)",-81.9667,43.2167,1804131132,NA,Ontario (Prov.),1980
"Necturus maculosus (Rafinesque, 1818)",-76.1167,43.4,1804115818,Larva,New York (State),1979
"Necturus maculosus (Rafinesque, 1818)",-76.65,45.0167,1804103719,NA,Ontario (Prov.),1979
"Necturus maculosus (Rafinesque, 1818)",-75.6847,44.96939999905677,1804111065,NA,Ontario (Prov.),1979
"Necturus maculosus (Rafinesque, 1818)",-75.67889999999998,44.96499999905677,1804114652,NA,Ontario (Prov.),1979
"Necturus maculosus (Rafinesque, 1818)",-76.6472,45.0167,1804129509,NA,Ontario (Prov.),1979
Necturus maculosus maculosus,-75.654282,45.055803,476632493,NA,Ontario,1979
"Necturus maculosus (Rafinesque, 1818)",-75.6781,44.9658,1804121328,NA,Ontario (Prov.),1979
"Necturus maculosus (Rafinesque, 1818)",-82.593597,36.669498,895438636,NA,Virginia,1979
"Necturus maculosus (Rafinesque, 1818)",-79.6,44.8666,1211729184,Adult,Ontario,1979
"Necturus maculosus (Rafinesque, 1818)",-83.9481,46.5675,1804125083,NA,Ontario (Prov.),1978
"Necturus maculosus (Rafinesque, 1818)",-80.05386335275576,42.79745055430353,1804109172,Adult,Ontario (Prov.),1978
"Necturus maculosus (Rafinesque, 1818)",-76.25,45.45,1804109494,NA,Ontario (Prov.),1978
"Necturus maculosus (Rafinesque, 1818)",-95.66953664237899,37.20945374976517,686881380,NA,Kansas,1977
"Necturus maculosus (Rafinesque, 1818)",-82.6509,36.6617,861693995,Adult,Virginia,1977
"Necturus maculosus (Rafinesque, 1818)",-94.74967122768292,37.94996812686506,686881212,NA,Kansas,1977
"Necturus maculosus (Rafinesque, 1818)",-94.64284181158402,37.042238496064925,686881213,NA,Kansas,1977
"Necturus maculosus (Rafinesque, 1818)",-82.24,39.4588,861693890,Adult,Ohio,1977
"Necturus maculosus (Rafinesque, 1818)",-78.6417,35.8207,1145430116,Larva,North Carolina,1976
"Necturus maculosus (Rafinesque, 1818)",-76.0833,43.7,1804130811,NA,New York (State),1976
"Necturus maculosus (Rafinesque, 1818)",-83.9444,46.0667,1804102883,NA,Ontario (Prov.),1976
"Necturus maculosus (Rafinesque, 1818)",-80.3829718450623,45.79992898852596,1804105333,Larva,Ontario (Prov.),1976
"Necturus maculosus (Rafinesque, 1818)",-82.5806,42.0167,1804111866,NA,Ontario (Prov.),1975
"Necturus maculosus (Rafinesque, 1818)",-80.12,42.84359999905932,1804104188,NA,Ontario (Prov.),1975
"Necturus maculosus (Rafinesque, 1818)",-75.755,45.40639999905688,1804102669,NA,Ontario (Prov.),1975
"Necturus maculosus (Rafinesque, 1818)",-75.8,45.3667,1804133668,NA,Ontario (Prov.),1975
"Necturus maculosus (Rafinesque, 1818)",-81.8473,39.9738,861693930,Adult,Ohio,1975
"Necturus maculosus (Rafinesque, 1818)",-73.9458,45.39309999905688,1804100708,NA,Québec (Prov.),1975
"Necturus maculosus (Rafinesque, 1818)",-76.1333,43.4167,1804106274,Larva,New York (State),1975
"Necturus maculosus (Rafinesque, 1818)",-76,43.3667,1804127841,NA,New York (State),1975
"Necturus maculosus (Rafinesque, 1818)",-85.29541,43.59087,1701935585,NA,Mi,1974
"Necturus maculosus (Rafinesque, 1818)",-83.78727819962339,46.57432587589272,1804110310,NA,Ontario (Prov.),1974
"Necturus maculosus (Rafinesque, 1818)",-81.8669,40.2295,861693954,Juvenile,Ohio,1973
"Necturus maculosus (Rafinesque, 1818)",-75.9833,44.3611,1804111104,NA,Ontario (Prov.),1973
"Necturus maculosus (Rafinesque, 1818)",-75.9,43.6833,1804116639,NA,New York (State),1973
"Necturus maculosus (Rafinesque, 1818)",-75.7569,45.4081,1804136156,NA,Ontario (Prov.),1972
"Necturus maculosus (Rafinesque, 1818)",-76.60796,42.5411,1852453476,NA,New York,1972
"Necturus maculosus (Rafinesque, 1818)",-76.7428,45.2772,1804120579,NA,Ontario (Prov.),1972
Necturus maculosus maculosus,-73.9461,45.40249999905689,1804132684,NA,Québec (Prov.),1972
"Necturus maculosus (Rafinesque, 1818)",-79.337482,46.313839,1450592197,Subadult,Ontario,1971
"Necturus maculosus (Rafinesque, 1818)",-79.0625,43.85,1804103452,NA,Ontario (Prov.),1971
"Necturus maculosus (Rafinesque, 1818)",-82.695396,36.6637,895445006,NA,Virginia,1971
"Necturus maculosus (Rafinesque, 1818)",-81.3667,44.5,1804101350,NA,Ontario (Prov.),1971
"Necturus maculosus (Rafinesque, 1818)",-83.5667,46.25,1804118187,Larva,Ontario (Prov.),1971
"Necturus maculosus (Rafinesque, 1818)",-76.60567269528421,42.54273114903298,1145470233,Larva,New York,1970
"Necturus maculosus (Rafinesque, 1818)",-86.344756,34.360014,2269074913,NA,Alabama,1970
"Necturus maculosus (Rafinesque, 1818)",-84.5667,46.9333,1804100650,Larva,Ontario (Prov.),1970
"Necturus maculosus (Rafinesque, 1818)",-79.48333,44.6,1211728356,Larva,Ontario,1970
"Necturus maculosus (Rafinesque, 1818)",-84.595955,43.301064,1701935615,NA,Mi,1969
"Necturus maculosus (Rafinesque, 1818)",-84.780615,44.481835,1701935606,NA,Mi,1969
"Necturus maculosus (Rafinesque, 1818)",-83.8,46.6,1804107281,NA,Ontario (Prov.),1969
"Necturus maculosus (Rafinesque, 1818)",-87.8975,45.1239,861693388,Adult,Wisconsin,1969
"Necturus maculosus (Rafinesque, 1818)",-87.755,45.1064,861693433,Adult,Wisconsin,1969
"Necturus maculosus (Rafinesque, 1818)",-96.2956,50.6089,1804127352,NA,Manitoba (Prov.),1969
"Necturus maculosus (Rafinesque, 1818)",-96.4656,50.0611,1804133762,NA,Manitoba (Prov.),1969
"Necturus maculosus (Rafinesque, 1818)",-83.109,40.0955,861694019,Adult,Ohio,1968
"Necturus maculosus (Rafinesque, 1818)",-85.305779,44.977134,1701935644,NA,Mi,1968
"Necturus maculosus (Rafinesque, 1818)",-85.75243,44.716674,1701935701,NA,Mi,1968
"Necturus maculosus (Rafinesque, 1818)",-77.713165,43.993802,1211735546,NA,Ontario,1968
"Necturus maculosus (Rafinesque, 1818)",-86.7809,39.7609,861693914,Adult,Indiana,1968
"Necturus maculosus (Rafinesque, 1818)",-81.95,39.97,861691831,Adult,Ohio,1967
"Necturus maculosus (Rafinesque, 1818)",-75.703,45.395,1450590790,NA,Ontario,1967
"Necturus maculosus (Rafinesque, 1818)",-81.847,42.8064,861692022,Adult,Ontario,1967
"Necturus maculosus (Rafinesque, 1818)",-82.08302455869544,46.199927582455025,1804109414,Larva,Ontario (Prov.),1967
"Necturus maculosus (Rafinesque, 1818)",-84.87235,43.582361,1701935635,NA,Mi,1967
"Necturus maculosus (Rafinesque, 1818)",-94.92396260640932,37.470562910939734,686852004,NA,Kansas,1967
"Necturus maculosus (Rafinesque, 1818)",-87.694521,34.779336,2269065157,NA,Alabama,1967
"Necturus maculosus (Rafinesque, 1818)",-86.390859,34.499385,2269065919,NA,Alabama,1967
Necturus maculosus maculosus,-88.0028,34.4603,1321403245,NA,Alabama,1966
"Necturus maculosus (Rafinesque, 1818)",-82.2707,40.846,861691808,Juvenile,Ohio,1966
"Necturus maculosus (Rafinesque, 1818)",-81.7569,43.3119,1804105063,NA,Ontario (Prov.),1966
"Necturus maculosus (Rafinesque, 1818)",-79.09086,43.81788,1211752371,NA,Ontario,1965
"Necturus maculosus (Rafinesque, 1818)",-79.3035,41.8533,861691972,Adult,Pennsylvania,1965
"Necturus maculosus (Rafinesque, 1818)",-79.243,41.8458,861691987,Adult,Ohio,1965
"Necturus maculosus (Rafinesque, 1818)",-75.9985,43.248,861691996,Adult,New York,1965
"Necturus maculosus (Rafinesque, 1818)",-75.0462,44.8997,861693517,Juvenile,New York,1965
"Necturus maculosus (Rafinesque, 1818)",-76.522697,42.428101,895418011,NA,New York,1965
"Necturus maculosus (Rafinesque, 1818)",-75.680927,45.404433,1450592370,Adult,Ontario,1964
"Necturus maculosus (Rafinesque, 1818)",-87.568376,34.851914,2269060720,NA,Alabama,1964
"Necturus maculosus (Rafinesque, 1818)",-84.42449842218514,46.69462517550282,1804107985,NA,Ontario (Prov.),1964
"Necturus maculosus (Rafinesque, 1818)",-80.9439,44.5669,1804111615,NA,Ontario (Prov.),1964
Necturus maculosus maculosus,-121.634,55.6964,1804114973,NA,Ontario (Prov.),1964
"Necturus maculosus (Rafinesque, 1818)",-84.2833,46.7,1804115703,NA,Ontario (Prov.),1964
"Necturus maculosus (Rafinesque, 1818)",-84.39619753204951,46.69602519203655,1804116346,NA,Ontario (Prov.),1964
"Necturus maculosus (Rafinesque, 1818)",-84.34509592307087,46.69742522405304,1804120708,NA,Ontario (Prov.),1964
"Necturus maculosus (Rafinesque, 1818)",-84.41649815303082,46.68322520839676,1804122178,NA,Ontario (Prov.),1964
"Necturus maculosus (Rafinesque, 1818)",-83.129,39.0512,861691600,Adult,Ohio,1964
"Necturus maculosus (Rafinesque, 1818)",-81.8721,40.2968,861693405,Adult,Ohio,1964
"Necturus maculosus (Rafinesque, 1818)",-84.41649852415287,46.933224668425126,1804105297,NA,Ontario (Prov.),1964
"Necturus maculosus (Rafinesque, 1818)",-89.3167,48.4,1804117418,NA,Ontario (Prov.),1964
"Necturus maculosus (Rafinesque, 1818)",-82.0167,42.3797,1804122433,NA,Ontario (Prov.),1964
"Necturus maculosus (Rafinesque, 1818)",-83.2071,39.0932,861693469,Adult,Ohio,1963
"Necturus maculosus (Rafinesque, 1818)",-84.89719,43.57576,1701935639,NA,Mi,1963
"Necturus maculosus (Rafinesque, 1818)",-75.69559999999998,45.38169999905688,1804132287,NA,Ontario (Prov.),1963
"Necturus maculosus (Rafinesque, 1818)",-95.15817344180182,36.148234106406136,1322444119,Juvenile,Oklahoma,1963
"Necturus maculosus (Rafinesque, 1818)",-83.79647803217672,46.18052705849463,1804134656,NA,Ontario (Prov.),1963
"Necturus maculosus (Rafinesque, 1818)",-83.79147833239469,46.57492587201576,1804124760,Larva,Ontario (Prov.),1963
"Necturus maculosus (Rafinesque, 1818)",-77.35,46.05,621069827,NA,Ontario,1963
"Necturus maculosus (Rafinesque, 1818)",-81.7036,39.2657,861691590,Adult,Ohio,1962
"Necturus maculosus (Rafinesque, 1818)",-75.6825,45.4147,1804106555,NA,Ontario (Prov.),1962
"Necturus maculosus (Rafinesque, 1818)",-73.43111,43.57222,1852456420,Adult,New York,1962
"Necturus maculosus (Rafinesque, 1818)",-84.28309397198353,46.699925260094986,1804117893,NA,Ontario (Prov.),1962
"Necturus maculosus (Rafinesque, 1818)",-78.98273458265413,36.393654496976765,1145637258,Larva,North Carolina,1962
"Necturus maculosus (Rafinesque, 1818)",-82.4083,42.97499999905902,1804130253,NA,Ontario (Prov.),1962
"Necturus maculosus (Rafinesque, 1818)",-83.519559,44.26882,1701935555,NA,Mi,1961
"Necturus maculosus (Rafinesque, 1818)",-75.6809,45.4044,1450592385,Adult,Ontario,1961
"Necturus maculosus (Rafinesque, 1818)",-97.140625,59.389634,1273779450,NA,NA,1960
"Necturus maculosus (Rafinesque, 1818)",-77.100118,45.637586,1450592388,Adult,Ontario,1960
"Necturus maculosus (Rafinesque, 1818)",-82.8221,41.6576,861694542,Adult,Ohio,1960
"Necturus maculosus (Rafinesque, 1818)",-78.346752,41.868459999062225,2234835298,NA,Pennsylvania,1960
"Necturus maculosus (Rafinesque, 1818)",-82.70370759533516,41.60521053722077,686862700,NA,Ohio,1960
"Necturus maculosus (Rafinesque, 1818)",-96.25317138578617,38.45415076897292,686894518,NA,Kansas,1959
"Necturus maculosus (Rafinesque, 1818)",-84.56650328242917,46.939324549519746,1804122863,Larva,Ontario (Prov.),1959
"Necturus maculosus (Rafinesque, 1818)",-84.5034012845361,46.93932459533995,1804126491,NA,Ontario (Prov.),1959
"Necturus maculosus (Rafinesque, 1818)",-80.00768,49.01369999906623,1211752429,NA,Ontario,1959
"Necturus maculosus (Rafinesque, 1818)",-76.691283,45.478687,1450592378,Juvenile,Ontario,1959
"Necturus maculosus (Rafinesque, 1818)",-77.72746,43.03926,657400585,NA,New York,1958
"Necturus maculosus (Rafinesque, 1818)",-83.0236,39.9976,861694522,Adult,Ohio,1958
"Necturus maculosus (Rafinesque, 1818)",-85.5167,42.6,1804115020,NA,Michigan (State),1958
"Necturus maculosus (Rafinesque, 1818)",-81.25,44.6667,1804130308,Juvenile,Ontario (Prov.),1958
"Necturus maculosus (Rafinesque, 1818)",-80,45,1211752400,NA,Ontario,1958
"Necturus maculosus (Rafinesque, 1818)",-80.55,45.7666,1211752382,NA,Ontario,1958
"Necturus maculosus (Rafinesque, 1818)",-83.06,41.59,861693535,Adult,Ohio,1957
"Necturus maculosus (Rafinesque, 1818)",-81.76666,43.31666,1211752405,NA,Ontario,1957
Necturus maculosus maculosus,-69.842237,44.53,476599960,NA,Maine,1957
Necturus maculosus maculosus,-75.6833,45.3833,1804135747,NA,Ontario (Prov.),1957
"Necturus maculosus (Rafinesque, 1818)",-81.7167,43.75,1804137212,Larva,Ontario (Prov.),1957
"Necturus maculosus (Rafinesque, 1818)",-96.16233477789694,38.436373406784774,686894519,NA,Kansas,1956
"Necturus maculosus (Rafinesque, 1818)",-92.88534266416593,45.64614951799381,3042338528,NA,Minnesota,1956
"Necturus maculosus (Rafinesque, 1818)",-82.825,41.6566,861693402,Adult,Ohio,1955
"Necturus maculosus (Rafinesque, 1818)",-92.760597,45.033501,895421656,NA,Wisconsin,1955
"Necturus maculosus (Rafinesque, 1818)",-83.04561,42.33119,2816159510,NA,Michigan,1954
"Necturus maculosus (Rafinesque, 1818)",-82.8264,41.6577,861692501,Adult,Ohio,1954
Necturus maculosus maculosus,-97.014404,52.35893499908811,476482528,NA,Manitoba,1954
"Necturus maculosus (Rafinesque, 1818)",-83.146,39.0861,861694433,Adult,Ohio,1954
"Necturus maculosus (Rafinesque, 1818)",-81.852264,42.276039,1211729275,Adult,Ontario,1954
"Necturus maculosus (Rafinesque, 1818)",-84.4333,46.91666,1211752349,NA,Ontario,1954
"Necturus maculosus (Rafinesque, 1818)",-84.43333,46.7,1211752350,NA,Ontario,1954
"Necturus maculosus (Rafinesque, 1818)",-82.811,41.6612,861692515,Adult,Ohio,1953
"Necturus maculosus (Rafinesque, 1818)",-82.8204,41.654,861693422,Adult,Ohio,1953
"Necturus maculosus (Rafinesque, 1818)",-81.8482556686635,41.46504560968533,686744078,NA,Ohio,1953
"Necturus maculosus (Rafinesque, 1818)",-84.35917594725647,39.140140334802666,686851177,NA,Ohio,1953
"Necturus maculosus (Rafinesque, 1818)",-75.9317,44.33719,1852454605,NA,New York,1953
"Necturus maculosus (Rafinesque, 1818)",-96.3787996752115,38.59865072903172,686894520,NA,Kansas,1953
"Necturus maculosus (Rafinesque, 1818)",-75.6833,45.4167,1804126691,NA,Ontario (Prov.),1953
"Necturus maculosus (Rafinesque, 1818)",-75.7642,45.4114,1804101588,NA,Ontario (Prov.),1953
"Necturus maculosus (Rafinesque, 1818)",-95.02377154408438,36.50412670109576,1318186550,NA,Oklahoma,1953
"Necturus maculosus (Rafinesque, 1818)",-95.02617107732902,36.39502907045487,1321685835,NA,Oklahoma,1953
Necturus maculosus maculosus,-76.91206529092827,45.68322701638047,1804112222,NA,Ontario (Prov.),1953
"Necturus maculosus (Rafinesque, 1818)",-95.56422663037817,38.50692516397692,686894523,NA,Kansas,1952
"Necturus maculosus (Rafinesque, 1818)",-95.01287122205223,36.498626855080666,1318735549,NA,Oklahoma,1952
"Necturus maculosus (Rafinesque, 1818)",-95.3146776594987,36.147833612171844,1320107972,NA,Oklahoma,1952
"Necturus maculosus (Rafinesque, 1818)",-95.2301740284207,35.869640168740595,1322218178,NA,Oklahoma,1952
"Necturus maculosus (Rafinesque, 1818)",-82.8207,41.6542,861692168,Adult,Ohio,1952
"Necturus maculosus (Rafinesque, 1818)",-82.8248,41.6591,861693300,Adult,Ohio,1952
"Necturus maculosus (Rafinesque, 1818)",-82.617699,35.3745,2542881660,NA,North Carolina,1952
"Necturus maculosus (Rafinesque, 1818)",-95.64926598404774,38.50692887922042,686894522,NA,Kansas,1951
"Necturus maculosus (Rafinesque, 1818)",-79.58333,43.55,1211752374,NA,Ontario,1951
"Necturus maculosus (Rafinesque, 1818)",-78.954041,42.045708,1852452679,NA,New York,1951
Necturus maculosus maculosus,-76.53201,42.40968,1852452917,NA,New York,1951
Necturus maculosus maculosus,-75.99789,43.24909,1852457203,Adult,New York,1951
"Necturus maculosus (Rafinesque, 1818)",-89.31666,48.4,1211752408,NA,Ontario,1951
Necturus maculosus maculosus,-76.54981,42.53719,476625495,NA,New York,1950
"Necturus maculosus (Rafinesque, 1818)",-95.25537595906606,36.127034268427366,1320334193,NA,Oklahoma,1950
"Necturus maculosus (Rafinesque, 1818)",-76.54675,42.51437,1852452817,Adult,New York,1950
"Necturus maculosus (Rafinesque, 1818)",-89.41189134100748,45.636591968047725,1145612722,Larva,Wisconsin,1950
"Necturus maculosus (Rafinesque, 1818)",-82.31666,46.18333,1211752396,Adult,Ontario,1950
"Necturus maculosus (Rafinesque, 1818)",-80.31666,42.71666,1211752373,Adult,Ontario,1949
"Necturus maculosus (Rafinesque, 1818)",-80.00768,49.0137,1211752411,NA,Ontario,1949
"Necturus maculosus (Rafinesque, 1818)",-72.8167,46.0667,1804133599,NA,Québec (Prov.),1949
"Necturus maculosus (Rafinesque, 1818)",-82.8207,41.6501,861691621,Adult,Ohio,1949
Necturus maculosus maculosus,-76.504021,42.46145,476625496,NA,New York,1948
"Necturus maculosus (Rafinesque, 1818)",-95.60537629962484,34.24897832407451,1320390408,Juvenile,Oklahoma,1948
Necturus maculosus maculosus,-76.5049,42.45997,1852452908,Adult,New York,1948
Necturus maculosus maculosus,-76.509476,42.438103,1852458352,Adult,New York,1948
"Necturus maculosus (Rafinesque, 1818)",-75.6842,45.2261,1804126790,NA,Ontario (Prov.),1948
"Necturus maculosus (Rafinesque, 1818)",-96.01773,50.119084999072065,1211752380,NA,Manitoba,1948
"Necturus maculosus (Rafinesque, 1818)",-82.8265,41.6586,861690117,Adult,Ohio,1947
Necturus maculosus maculosus,-76.51696,42.45149,1852452664,Larva,New York,1946
"Necturus maculosus (Rafinesque, 1818)",-82.7887,39.9218,861694038,Juvenile,Ohio,1946
"Necturus maculosus (Rafinesque, 1818)",-94.86813380034226,38.59470786525863,686729062,NA,Kansas,1946
"Necturus maculosus (Rafinesque, 1818)",-79.95,43.61666,1211752384,NA,Ontario,1946
"Necturus maculosus (Rafinesque, 1818)",-71.5836,46.6983,1804109464,NA,Québec (Prov.),1945
"Necturus maculosus (Rafinesque, 1818)",-78.5,45.83333,1211752342,NA,Ontario,1945
Necturus maculosus maculosus,-73.8333,45.5,1804129851,NA,Québec (Prov.),1945
"Necturus maculosus (Rafinesque, 1818)",-71.4,46.7,1804128144,NA,Québec (Prov.),1944
"Necturus maculosus (Rafinesque, 1818)",-76.50995,42.47924,1852458919,NA,New York,1944
"Necturus maculosus (Rafinesque, 1818)",-90.56004422585079,41.559315214915515,3042336506,NA,Iowa,1944
Necturus maculosus maculosus,-76.53768,42.49618,1852456130,NA,New York,1943
Necturus maculosus maculosus,-76.8729,42.45529,1852452446,NA,New York,1943
Necturus maculosus maculosus,-76.87604,42.38306,1852452460,NA,New York,1943
"Necturus maculosus (Rafinesque, 1818)",-81.958,41.6476,861695066,Adult,Ohio,1942
"Necturus maculosus (Rafinesque, 1818)",-88.432354,44.022209,812634103,NA,Wisconsin,1941
Necturus maculosus maculosus,-76.693385,42.682902,1061333815,NA,New York,1941
Necturus maculosus maculosus,-79.38372,42.18153,1852452623,NA,New York,1941
"Necturus maculosus (Rafinesque, 1818)",-79.39276,42.161922,1852453207,NA,New York,1941
"Necturus maculosus (Rafinesque, 1818)",-83.740898,42.300201,895440122,NA,Michigan,1941
"Necturus maculosus (Rafinesque, 1818)",-88.542618,44.024685,686795201,NA,Wisconsin,1940
"Necturus maculosus (Rafinesque, 1818)",-84.955451,43.661464,1701935575,NA,Mi,1940
"Necturus maculosus (Rafinesque, 1818)",-88.61679876829369,37.077630908008786,1145589682,Larva,Kentucky,1939
"Necturus maculosus (Rafinesque, 1818)",-81.92574959422139,45.889588758677135,1211752383,NA,Ontario,1939
Necturus maculosus maculosus,-77.82736,43.26562,543711148,NA,New York,1939
Necturus maculosus maculosus,-78.89367,42.03806,543711150,NA,New York,1939
"Necturus maculosus (Rafinesque, 1818)",-69.886093,44.527537,1897152837,NA,Me,1939
Necturus maculosus maculosus,-76.57726,42.5469,476625395,NA,New York,1938
"Necturus maculosus (Rafinesque, 1818)",-83.2567,40.5607,861695070,Adult,Ohio,1938
"Necturus maculosus (Rafinesque, 1818)",-79.486341,43.640175,1211752379,NA,Ontario,1938
Necturus maculosus maculosus,-76.69338,42.6829,1852452434,NA,New York,1938
Necturus maculosus maculosus,-76.48985,42.55318,1852452464,NA,New York,1938
"Necturus maculosus (Rafinesque, 1818)",-84.375,35.46067,657342828,NA,NA,1938
"Necturus maculosus (Rafinesque, 1818)",-82.22751000000001,42.24347999906097,1211752385,NA,Ontario,1938
"Necturus maculosus (Rafinesque, 1818)",-79.88333,44.31666,1211752377,NA,Ontario,1937
Necturus maculosus maculosus,-75.8064,45.3831,1804120423,NA,Québec (Prov.),1937
"Necturus maculosus (Rafinesque, 1818)",-95.29453137861348,38.16943624069761,686726014,NA,Kansas,1935
"Necturus maculosus (Rafinesque, 1818)",-79.11666,43.8,1211752375,NA,Ontario,1935
"Necturus maculosus (Rafinesque, 1818)",-76.59966,42.54671,1852452797,NA,New York,1935
"Necturus maculosus (Rafinesque, 1818)",-79.35945,43.71347,1211752359,NA,Ontario,1935
"Necturus maculosus (Rafinesque, 1818)",-75.7,45.41666,1211752366,NA,Ontario,1935
"Necturus maculosus (Rafinesque, 1818)",-82.2333,41.2333,1211752387,NA,Ontario,1935
"Necturus maculosus (Rafinesque, 1818)",-80.24294,42.56129999906005,1211752403,NA,Ontario,1934
"Necturus maculosus (Rafinesque, 1818)",-78.89351985025382,42.03801846056349,1145568540,Larva,New York,1934
"Necturus maculosus (Rafinesque, 1818)",-76.51447,42.46241,1852455734,NA,New York,1933
"Necturus maculosus (Rafinesque, 1818)",-79.88,41.3299999990643,44967567,NA,Pennsylvania,1933
"Necturus maculosus (Rafinesque, 1818)",-96.5531779823851,38.15859915880485,686726956,NA,Kansas,1932
"Necturus maculosus (Rafinesque, 1818)",-96.04610503320833,37.607780491704005,686722613,NA,Kansas,1932
"Necturus maculosus (Rafinesque, 1818)",-77.27931,43.96989,1211752378,NA,Ontario,1932
"Necturus maculosus (Rafinesque, 1818)",-79.89488,46.37146,1211752390,NA,Ontario,1932
"Necturus maculosus (Rafinesque, 1818)",-83.01,40.28,861694930,Adult,Ohio,1932
"Necturus maculosus (Rafinesque, 1818)",-83.48,38.84,861691472,Adult,Ohio,1931
"Necturus maculosus (Rafinesque, 1818)",-83.87,38.93,861691486,Adult,Ohio,1931
"Necturus maculosus (Rafinesque, 1818)",-82.8046,41.5392,861694642,Adult,Ohio,1931
"Necturus maculosus (Rafinesque, 1818)",-79.764862,43.481325,1211752389,NA,Ontario,1931
"Necturus maculosus (Rafinesque, 1818)",-79.467802,43.642535,1211752354,NA,Ontario,1931
"Necturus maculosus (Rafinesque, 1818)",-83.5859,41.6338,861694770,Adult,Ohio,1931
"Necturus maculosus (Rafinesque, 1818)",-79.81666,46.2,1211752398,NA,Ontario,1931
Necturus maculosus maculosus,-81.668899,38.307498999082036,1852456014,NA,West Virginia,1931
"Necturus maculosus (Rafinesque, 1818)",-79.499645,43.655205,1211752361,NA,Ontario,1931
"Necturus maculosus (Rafinesque, 1818)",-76.52686,42.42067,1852457758,Larva,New York,1931
"Necturus maculosus (Rafinesque, 1818)",-82.9938,38.8502,861694842,Adult,Ohio,1931
"Necturus maculosus (Rafinesque, 1818)",-88.54241874707174,44.02463311204503,1145424514,Larva,Wisconsin,1930
"Necturus maculosus (Rafinesque, 1818)",-81.6446,41.0989,861693610,Juvenile,Ohio,1930
"Necturus maculosus (Rafinesque, 1818)",-75.6481,45.1528,1804110727,NA,Ontario (Prov.),1930
"Necturus maculosus (Rafinesque, 1818)",-80.8568,40.9009,861694530,Adult,Ohio,1930
"Necturus maculosus (Rafinesque, 1818)",-80.76,41.89,861694575,Adult,Ohio,1930
"Necturus maculosus (Rafinesque, 1818)",-77.25,44,1211752402,NA,Ontario,1930
"Necturus maculosus (Rafinesque, 1818)",-83.0451,39.9671,861694533,Juvenile,Ohio,1930
"Necturus maculosus (Rafinesque, 1818)",-76.55247,42.52007,1852457044,Larva,New York,1930
"Necturus maculosus (Rafinesque, 1818)",-75.9342,43.1746,1317528299,NA,New York,1929
Necturus maculosus maculosus,-83.3668,39.823,861691519,Juvenile,Ohio,1929
Necturus maculosus maculosus,-82.6858,40.4765,861691656,Adult,Ohio,1929
Necturus maculosus maculosus,-80.6654,41.3882,861691754,Adult,Ohio,1929
"Necturus maculosus (Rafinesque, 1818)",-80,46.28333,1211752386,NA,Ontario,1929
"Necturus maculosus (Rafinesque, 1818)",-79.8,46.2,1211752388,NA,Ontario,1929
"Necturus maculosus (Rafinesque, 1818)",-76.52094,42.42542,1852459435,NA,New York,1929
"Necturus maculosus (Rafinesque, 1818)",-75.7944,45.3631,1804113639,NA,Ontario (Prov.),1929
"Necturus maculosus (Rafinesque, 1818)",-75.7333,45.433299999056906,1804125487,NA,Québec (Prov.),1929
"Necturus maculosus (Rafinesque, 1818)",-76.0054,43.21847,1852455880,NA,New York,1928
Necturus maculosus maculosus,-80.145984,41.64417699906305,476474005,NA,Pennsylvania,1927
"Necturus maculosus (Rafinesque, 1818)",-95.17008262986229,37.91610842659555,686706418,NA,Kansas,1927
"Necturus maculosus (Rafinesque, 1818)",-80.2667,43.25,1804125219,NA,Ontario (Prov.),1927
"Necturus maculosus (Rafinesque, 1818)",-80.27108,42.58923,1211752370,NA,Ontario,1927
"Necturus maculosus (Rafinesque, 1818)",-81.25,44.91666,1211752369,NA,Ontario,1927
"Necturus maculosus (Rafinesque, 1818)",-80.1666,44.38333,1211752391,NA,Ontario,1926
"Necturus maculosus (Rafinesque, 1818)",-86.19473463201025,42.64370485766042,686707493,NA,Michigan,1926
"Necturus maculosus (Rafinesque, 1818)",-78.84987859350528,42.024208602887256,1145568587,Larva,New York,1926
"Necturus maculosus (Rafinesque, 1818)",-76.2564,45.425,1804113952,NA,Ontario (Prov.),1925
"Necturus maculosus (Rafinesque, 1818)",-80.17226712666388,41.68236305925751,1145568570,Larva,Pennsylvania,1925
"Necturus maculosus (Rafinesque, 1818)",-76.5095,42.4381,1319705699,NA,New York,1924
"Necturus maculosus (Rafinesque, 1818)",-81.299999,43.883333,1211752355,NA,Ontario,1924
Necturus maculosus maculosus,-83.1123,41.3489,861694411,Adult,Ohio,1923
"Necturus maculosus (Rafinesque, 1818)",-76.564003,42.535599,895413671,NA,New York,1923
"Necturus maculosus (Rafinesque, 1818)",-80.88333,43.9,1211752414,NA,Ontario,1922
Necturus maculosus maculosus,-85.61592868269649,45.1313201866815,476568772,NA,Michigan,1917
"Necturus maculosus (Rafinesque, 1818)",-76.46632,42.44127,1852455662,Juvenile,New York,1916
"Necturus maculosus (Rafinesque, 1818)",-91.4164,40.3765,1318743221,NA,Illinois,1916
"Necturus maculosus (Rafinesque, 1818)",-95.23481198881858,38.97136709064155,686703292,NA,Kansas,1916
"Necturus maculosus (Rafinesque, 1818)",-88.6648,44.1983,1321377961,NA,Wisconsin,1914
"Necturus maculosus (Rafinesque, 1818)",-95,60,1830949118,NA,NA,1912
"Necturus maculosus (Rafinesque, 1818)",-95.20592026112544,38.61137347648117,686703237,NA,Kansas,1911
"Necturus maculosus (Rafinesque, 1818)",-76.500378,42.467095,1852452598,Adult,New York,1910
Necturus maculosus maculosus,-90.066776,46.16081,543625411,NA,Wisconsin,1909
"Necturus maculosus (Rafinesque, 1818)",-86.42234791714695,41.197565271454835,1317787621,Larva,Indiana,1906
"Necturus maculosus (Rafinesque, 1818)",-86.40344738042695,41.20226523610215,1319915707,Larva,Indiana,1906
Necturus maculosus maculosus,-85.3123580502948,44.97560535667595,476551767,NA,Michigan,1905
"Necturus maculosus (Rafinesque, 1818)",-79.93316,44.99417,1211764683,NA,Ontario,1903
"Necturus maculosus (Rafinesque, 1818)",-83.0832,42.29889999906082,1804118903,NA,Ontario (Prov.),1902
"Necturus maculosus (Rafinesque, 1818)",-77.047119,44.193528,1211732540,NA,Ontario,1899
"Necturus maculosus (Rafinesque, 1818)",-87.62616475699903,41.8788251316563,543625321,NA,Illinois,1898
"Necturus maculosus (Rafinesque, 1818)",-82.71624082404159,41.44766549047912,1322370045,NA,Ohio,1897
"Necturus maculosus (Rafinesque, 1818)",-81.51320664363111,43.960840212727106,1317706712,NA,Ontario,1896
"Necturus maculosus (Rafinesque, 1818)",-82.70374059625452,41.605163537782374,1318004108,NA,Ohio,1894
"Necturus maculosus (Rafinesque, 1818)",-82.54373728608691,43.43134436866175,1321585562,NA,Michigan,1894
Necturus maculosus maculosus,-87.42057912211719,39.45871914376757,476476328,NA,Indiana,1890
"Necturus maculosus (Rafinesque, 1818)",-79.32306,42.58222,1852451954,NA,New York,1887
"Necturus maculosus (Rafinesque, 1818)",-81.51316664242556,43.96082021288659,1211752376,NA,Ontario,1887
"Necturus maculosus (Rafinesque, 1818)",-81.455,39.4153,1039482995,NA,Ohio,1886
"Necturus maculosus (Rafinesque, 1818)",-76.69611,42.68333,621066560,NA,New York,1881
"Necturus maculosus (Rafinesque, 1818)",-76.5833,42.6667,1039478083,NA,New York,1881
"Necturus maculosus (Rafinesque, 1818)",-91.4203,44.3569,1039478619,NA,Wisconsin,1881
Necturus maculosus maculosus,-76.707286,42.713543,476762202,Juvenile,New York,1877
"Necturus maculosus (Rafinesque, 1818)",-76.49694,42.44056,621066561,NA,New York,1876
"Necturus maculosus (Rafinesque, 1818)",-79.372787,43.617188,1211752343,NA,Ontario,1874
"Necturus maculosus (Rafinesque, 1818)",-83.14565409934283,42.24475584966467,1317210498,Larva,Michigan,1873
"Necturus maculosus (Rafinesque, 1818)",-88.342037,43.105009,1852457690,NA,Wisconsin,1860
"Necturus maculosus (Rafinesque, 1818)",-76.6244,42.55806,1852458538,NA,New York,1860
Necturus maculosus maculosus,-76.1525,43.04556,476475639,NA,New York,1859
Necturus maculosus maculosus,-79.759369,33.335118,476553504,NA,South Carolina,1859
"Necturus maculosus (Rafinesque, 1818)",-73.29861,44.35417,1830949260,NA,NA,1858
Necturus maculosus maculosus,-73.9443,42.82225,476550697,NA,New York,1857
Necturus maculosus maculosus,-88.24417,47.713406,476550798,NA,NA,1857
Necturus maculosus maculosus,-83.69755225124732,43.015214590804526,476553195,NA,Michigan,1854
Necturus maculosus maculosus,-78.88056,42.86639,476475635,NA,New York,1854
Necturus maculosus maculosus,-73.42328,43.84689,476550696,NA,New York,1854
Necturus maculosus maculosus,-91.38683430752097,39.93592854644571,476552068,NA,Illinois,1854
Necturus maculosus maculosus,-91.110146,40.800037,476550695,NA,Iowa,1854
Necturus maculosus maculosus,-83.02078115985795,39.97898985538995,476550797,NA,Ohio,1854
Necturus maculosus maculosus,-75.45587,43.21257,476553194,NA,New York,1854
Necturus maculosus maculosus,-73.17223,45.035411,476553503,NA,New York/Quebec/Vermont,1850
"Necturus maculosus (Rafinesque, 1818)",-77.586822,43.192161,476552284,NA,New York,1836
Necturus maculosus maculosus,-88.42583333390273,47.16131644419833,476568025,NA,Michigan,1835
Necturus maculosus maculosus,-85.81613128151977,38.30777439158,476537282,NA,Indiana,1818
"Necturus maculosus (Rafinesque, 1818)",-90.7346407555258,32.35204369366761,1145495790,Larva,Mississippi,1818
"Necturus maculosus (Rafinesque, 1818)",-88.17247966591641,34.58728869360781,1145506509,Larva,Mississippi,1818
"Necturus maculosus (Rafinesque, 1818)",-94.934711,36.578885,48128819,NA,Oklahoma,NA
"Necturus maculosus (Rafinesque, 1818)",-84.570278,39.343333,440652121,NA,Kentucky,NA
"Necturus maculosus (Rafinesque, 1818)",-80.73927,40.34166,440656269,NA,Ohio,NA
"Necturus maculosus (Rafinesque, 1818)",-81.00588,39.91056,459787572,NA,Ohio,NA
"Necturus maculosus (Rafinesque, 1818)",-80.9511,39.91257,459787646,NA,Ohio,NA
Necturus maculosus maculosus,-73.314004,44.571616,476474032,NA,Vermont,NA
Necturus maculosus maculosus,-89,40,476475638,NA,Illinois,NA
Necturus maculosus maculosus,-78.88139,42.87139,476476146,NA,New York,NA
Necturus maculosus maculosus,-83.1008,41.3419,476481424,NA,Ohio,NA
Necturus maculosus maculosus,-76.684353,42.670633,476537175,NA,New York,NA
Necturus maculosus maculosus,-82.668017,40.486382,476537281,NA,Ohio,NA
Necturus maculosus maculosus,-87.93137082461858,38.12827550848874,476547145,NA,Indiana,NA
Necturus maculosus maculosus,-90.560135,41.550034,476550799,NA,Iowa,NA
Necturus maculosus maculosus,-86.51448479586396,38.31718826434459,476554220,NA,Indiana,NA
Necturus maculosus maculosus,-87.39008524173641,38.69786007201096,476554221,NA,Indiana,NA
Necturus maculosus maculosus,-75.58083,44.52583,476565839,NA,New York,NA
Necturus maculosus maculosus,-78.88694,42.87806,476573728,NA,New York,NA
Necturus maculosus maculosus,-73.172705,45.036009,476578888,NA,New York/Quebec/Vermont,NA
Necturus maculosus maculosus,-82.305468,40.436229,476783589,NA,Ohio,NA
Necturus maculosus maculosus,-85.19531955571536,40.767613507117694,543702388,NA,Indiana,NA
"Necturus maculosus (Rafinesque, 1818)",-94.70506731663554,37.41111979011463,686729032,NA,Kansas,NA
"Necturus maculosus (Rafinesque, 1818)",-95.44731170355207,37.81110953618919,686739674,NA,Kansas,NA
"Necturus maculosus (Rafinesque, 1818)",-85.78861486815377,42.291582053382896,686882677,NA,Michigan,NA
Necturus maculosus maculosus,-83.0167,40,861692321,Adult,Ohio,NA
Necturus maculosus maculosus,-83.0213,39.9689,861692981,Juvenile,Ohio,NA
"Necturus maculosus (Rafinesque, 1818)",-81.3458,40.3748,861694496,Adult,Ohio,NA
"Necturus maculosus (Rafinesque, 1818)",-78.1458,41.9347,861694500,Adult,Pennsylvania,NA
"Necturus maculosus (Rafinesque, 1818)",-83.01,39.97,861694561,Adult,Ohio,NA
"Necturus maculosus (Rafinesque, 1818)",-82.3061,38.7718,861694961,Juvenile,Ohio,NA
"Necturus maculosus (Rafinesque, 1818)",-90.704201,35.842201,895437613,NA,Arkansas,NA
"Necturus maculosus (Rafinesque, 1818)",-83.5553,41.6639,1039461272,NA,Ohio,NA
Necturus maculosus maculosus,-75.6,45.5,1039480630,NA,Quebec,NA
"Necturus maculosus (Rafinesque, 1818)",-79.83713,43.29068,1211752327,NA,Ontario,NA
"Necturus maculosus (Rafinesque, 1818)",-84.35,46.9666,1211752364,NA,Ontario,NA
"Necturus maculosus (Rafinesque, 1818)",-106.346771,56.130366,1313781050,Adult,NA,NA
"Necturus maculosus (Rafinesque, 1818)",-83.08285239118054,42.38335437219103,1317214893,NA,Michigan,NA
"Necturus maculosus (Rafinesque, 1818)",-88.49182808298102,47.06811946742201,1317221727,NA,Michigan,NA
"Necturus maculosus (Rafinesque, 1818)",-81.69611126976889,41.48696537522184,1317340291,NA,Ohio,NA
"Necturus maculosus (Rafinesque, 1818)",-88.4351,42.59,1317351915,NA,Wisconsin,NA
"Necturus maculosus (Rafinesque, 1818)",-88.555,44.022,1317460983,NA,Wisconsin,NA
"Necturus maculosus (Rafinesque, 1818)",-73.2539,44.4758,1317566797,NA,Vermont,NA
"Necturus maculosus (Rafinesque, 1818)",-83.53226473225013,41.636262680753305,1317576194,NA,Ohio,NA
"Necturus maculosus (Rafinesque, 1818)",-79.5764,42.8569,1317625238,NA,Ontario,NA
"Necturus maculosus (Rafinesque, 1818)",-87.7611788632253,38.41220656968294,1317701601,NA,Illinois,NA
"Necturus maculosus (Rafinesque, 1818)",-78.2294,43.2517,1317986132,NA,New York,NA
"Necturus maculosus (Rafinesque, 1818)",-82.81434385374374,41.65176291306799,1318438862,NA,Ohio,NA
"Necturus maculosus (Rafinesque, 1818)",-75.1311,44.7501,1318452157,NA,New York,NA
"Necturus maculosus (Rafinesque, 1818)",-83.40936238226219,42.73245054549472,1318759934,NA,Michigan,NA
"Necturus maculosus (Rafinesque, 1818)",-83.42316199962495,42.025658148825734,1319027091,NA,Michigan,NA
"Necturus maculosus (Rafinesque, 1818)",-88.80644181124426,48.01361829377635,1319566412,NA,Michigan,NA
"Necturus maculosus (Rafinesque, 1818)",-87.42057212183862,39.4586891442652,1319579063,NA,Indiana,NA
"Necturus maculosus (Rafinesque, 1818)",-83.4851642886579,42.43775355557647,1319640763,NA,Michigan,NA
"Necturus maculosus (Rafinesque, 1818)",-87.7656,41.8435,1319654347,NA,Illinois,NA
"Necturus maculosus (Rafinesque, 1818)",-76.6278,42.8247,1320140020,NA,New York,NA
Necturus maculosus maculosus,-72.6417,41.5597,1320460389,NA,Connecticut,NA
"Necturus maculosus (Rafinesque, 1818)",-88.4323,44.0222,1320494330,NA,Wisconsin,NA
"Necturus maculosus (Rafinesque, 1818)",-95.50999999999999,54.511699999108764,1320739814,NA,Manitoba,NA
"Necturus maculosus (Rafinesque, 1818)",-76.5149,42.472,1320854360,NA,New York,NA
"Necturus maculosus (Rafinesque, 1818)",-86.3948454557945,40.48677498616464,1321195215,Juvenile,Indiana,NA
"Necturus maculosus (Rafinesque, 1818)",-83.00114760169625,39.97928586303639,1321305375,NA,Ohio,NA
"Necturus maculosus (Rafinesque, 1818)",-76.6934,42.6829,1321354087,NA,New York,NA
"Necturus maculosus (Rafinesque, 1818)",-73.4524,44.6716,1321593433,NA,New York,NA
"Necturus maculosus (Rafinesque, 1818)",-97.7411,52.12959999908622,1321870054,NA,Manitoba,NA
"Necturus maculosus (Rafinesque, 1818)",-93.24307254406295,46.12121065102149,1321957463,NA,Minnesota,NA
"Necturus maculosus (Rafinesque, 1818)",-85.71872154625956,38.29961166677642,1322141606,NA,Indiana,NA
"Necturus maculosus (Rafinesque, 1818)",-87.7847,42.7338,1322918092,NA,Wisconsin,NA
"Necturus maculosus (Rafinesque, 1818)",-86.65,36.42,1322954240,NA,Tennessee,NA
"Necturus maculosus (Rafinesque, 1818)",-75.7,45.42,1450581777,NA,Ontario,NA
"Necturus maculosus (Rafinesque, 1818)",-76.2254,45.4786,1450590033,Juvenile,Ontario,NA
"Necturus maculosus (Rafinesque, 1818)",-73.7614,45.51079999905695,1804123942,NA,Québec (Prov.),NA
"Necturus maculosus (Rafinesque, 1818)",-79.4706,44.8431,1804124275,NA,Ontario (Prov.),NA
"Necturus maculosus (Rafinesque, 1818)",-75.6786,44.96489999905677,1804125353,NA,Ontario (Prov.),NA
"Necturus maculosus (Rafinesque, 1818)",-82.5167,41.9667,1804128348,NA,Ontario (Prov.),NA
"Necturus maculosus (Rafinesque, 1818)",-73.9361,45.40419999905689,1804133263,Adult,Québec (Prov.),NA
"Necturus maculosus (Rafinesque, 1818)",-83.9,46.2,1804133361,Larva,Ontario (Prov.),NA
"Necturus maculosus (Rafinesque, 1818)",-89.3417,48.25,1804137310,Larva,Ontario (Prov.),NA
"Necturus maculosus (Rafinesque, 1818)",-79.37333,43.74167,1830949169,NA,NA,NA
